-- phpMyAdmin SQL Dump
-- version 5.0.4
-- https://www.phpmyadmin.net/
--
-- Host: 127.0.0.1
-- Generation Time: Nov 26, 2021 at 03:58 PM
-- Server version: 10.4.17-MariaDB
-- PHP Version: 7.4.13

SET SQL_MODE = "NO_AUTO_VALUE_ON_ZERO";
START TRANSACTION;
SET time_zone = "+00:00";


/*!40101 SET @OLD_CHARACTER_SET_CLIENT=@@CHARACTER_SET_CLIENT */;
/*!40101 SET @OLD_CHARACTER_SET_RESULTS=@@CHARACTER_SET_RESULTS */;
/*!40101 SET @OLD_COLLATION_CONNECTION=@@COLLATION_CONNECTION */;
/*!40101 SET NAMES utf8mb4 */;

--
-- Database: `pustaka2`
--

-- --------------------------------------------------------

--
-- Table structure for table `buku`
--

CREATE TABLE `buku` (
  `id` int(11) NOT NULL,
  `judul_buku` varchar(128) NOT NULL,
  `id_kategori` int(11) NOT NULL,
  `pengarang` varchar(64) NOT NULL,
  `penerbit` varchar(64) NOT NULL,
  `tahun_terbit` year(4) NOT NULL,
  `isbn` varchar(64) NOT NULL,
  `stok` int(11) NOT NULL,
  `dipinjam` int(11) NOT NULL,
  `dibooking` int(11) NOT NULL,
  `image` varchar(256) DEFAULT 'book-default-cover.jpg'
) ENGINE=InnoDB DEFAULT CHARSET=latin1;

--
-- Dumping data for table `buku`
--

INSERT INTO `buku` (`id`, `judul_buku`, `id_kategori`, `pengarang`, `penerbit`, `tahun_terbit`, `isbn`, `stok`, `dipinjam`, `dibooking`, `image`) VALUES
(1, 'Statistika dengan Program Komputer', 1, 'Ahmad  Kholiqul Amin', 'Deep Publish', 2014, '9786022809432', 6, 1, 1, 'img1557402455.jpg'),
(2, 'Mudah Belajar ko,puter Untuk Anak', 1, 'Bambang Agus Setiawan ', 'Huta media', 2014, '9786026118500', 6, 1, 1, 'img1557402397.jpg'),
(5, 'Php Komplit', 1, 'Jubilee', 'Elex Media Komputindo', 2017, '8346753547', 5, 1, 1, 'img1555522493.jpg'),
(10, 'Detektif Conan Ep 200', 9, 'Okigawa Sasuke', 'Cultura', 2016, '874387583987', 5, 0, 0, 'img1557401465.jpg'),
(14, 'Bahasa indonesia ', 2, 'Umri Nur\'aini Dan Indriyani', 'Pusat Perbukuan ', 2015, '757254724884', 3, 0, 0, 'img1557402703.jpg'),
(15, 'Komunikasi Lintas Budaya ', 5, 'Dr.Dedy Kurnia', 'Published', 2015, '878674646488', 5, 0, 0, 'img1557403156.jpg'),
(16, 'Kolaborasi codeigniter dan Ajak dalam perancangan ', 1, 'Anton Subagya', 'Elex Media Komputindo', 2017, '43345366577', 5, 0, 0, 'img1557403602.jpg'),
(17, 'From Hobby To Money ', 4, 'Deasylawati', 'Elex Media Komputindo', 2015, '87968686787879', 5, 0, 0, 'img1557403658.jpg'),
(18, 'Buku Saku Pramuka', 3, 'Rudi Himawan', 'Pusat Perbukuan ', 2016, '9786868787879', 6, 0, 0, 'img1557404613.jpg'),
(19, 'Rahasia Keajaiban Bumi', 3, 'Nurul Ikhsan', 'Luxima', 2014, '565756565768868', 5, 0, 0, 'img1557404689.jpg');

-- --------------------------------------------------------

--
-- Table structure for table `kategori`
--

CREATE TABLE `kategori` (
  `id_kategori` int(11) NOT NULL,
  `kategori` varchar(45) NOT NULL
) ENGINE=InnoDB DEFAULT CHARSET=latin1;

--
-- Dumping data for table `kategori`
--

INSERT INTO `kategori` (`id_kategori`, `kategori`) VALUES
(1, 'Komputer'),
(2, 'Bahasa'),
(3, 'Sains'),
(4, 'Hobby'),
(5, 'Komunikasi'),
(6, 'Hukum'),
(7, 'Agama'),
(8, 'Populer'),
(9, 'Komik'),
(10, 'Sembako'),
(12, 'Rokok'),
(14, 'sop'),
(15, 'Naruto'),
(16, 'Ryan');

-- --------------------------------------------------------

--
-- Table structure for table `role`
--

CREATE TABLE `role` (
  `id` int(11) NOT NULL,
  `role` varchar(128) NOT NULL
) ENGINE=InnoDB DEFAULT CHARSET=latin1;

--
-- Dumping data for table `role`
--

INSERT INTO `role` (`id`, `role`) VALUES
(1, 'admministrator'),
(2, 'member');

-- --------------------------------------------------------

--
-- Table structure for table `user`
--

CREATE TABLE `user` (
  `id` int(11) NOT NULL,
  `nama` varchar(128) NOT NULL,
  `email` varchar(128) NOT NULL,
  `image` varchar(128) NOT NULL,
  `password` varchar(256) NOT NULL,
  `role_id` int(11) NOT NULL,
  `is_active` int(1) NOT NULL,
  `tanggal_input` int(11) NOT NULL
) ENGINE=InnoDB DEFAULT CHARSET=latin1;

--
-- Dumping data for table `user`
--

INSERT INTO `user` (`id`, `nama`, `email`, `image`, `password`, `role_id`, `is_active`, `tanggal_input`) VALUES
(3, 'anggi', 'anggi@gmail.com', 'default.jpg', '$2y$10$.xuU1XUfbke3mf9P644SWOipNuV6egxRTu.UT3aHHlZvz465jKKCO', 1, 1, 1637938575);

--
-- Indexes for dumped tables
--

--
-- Indexes for table `buku`
--
ALTER TABLE `buku`
  ADD PRIMARY KEY (`id`);

--
-- Indexes for table `kategori`
--
ALTER TABLE `kategori`
  ADD PRIMARY KEY (`id_kategori`);

--
-- Indexes for table `role`
--
ALTER TABLE `role`
  ADD PRIMARY KEY (`id`);

--
-- Indexes for table `user`
--
ALTER TABLE `user`
  ADD PRIMARY KEY (`id`);

--
-- AUTO_INCREMENT for dumped tables
--

--
-- AUTO_INCREMENT for table `buku`
--
ALTER TABLE `buku`
  MODIFY `id` int(11) NOT NULL AUTO_INCREMENT, AUTO_INCREMENT=20;

--
-- AUTO_INCREMENT for table `kategori`
--
ALTER TABLE `kategori`
  MODIFY `id_kategori` int(11) NOT NULL AUTO_INCREMENT, AUTO_INCREMENT=17;

--
-- AUTO_INCREMENT for table `role`
--
ALTER TABLE `role`
  MODIFY `id` int(11) NOT NULL AUTO_INCREMENT, AUTO_INCREMENT=3;

--
-- AUTO_INCREMENT for table `user`
--
ALTER TABLE `user`
  MODIFY `id` int(11) NOT NULL AUTO_INCREMENT, AUTO_INCREMENT=4;
COMMIT;

/*!40101 SET CHARACTER_SET_CLIENT=@OLD_CHARACTER_SET_CLIENT */;
/*!40101 SET CHARACTER_SET_RESULTS=@OLD_CHARACTER_SET_RESULTS */;
/*!40101 SET COLLATION_CONNECTION=@OLD_COLLATION_CONNECTION */;
